{"stats":{"minecraft:killed_by":{"gothic:scavenger":1,"hmag:savagefang":1,"grimoireofgaia:cecaelia":2,"minecraft:player":1,"minecraft:creeper":1,"minecraft:zombie":1,"grimoireofgaia:cobble_golem":1,"gothic:lurker":1},"minecraft:killed":{"minecraft:pig":2,"minecraft:chicken":10},"minecraft:mined":{"gothic:innos_statue":1,"minecraft:candle":2,"minecraft:jungle_leaves":140,"dtterralith:oak_twiglet_leaves":4,"atlantis:aquamarine_ore":1,"minecraft:stone_brick_stairs":4,"minecraft:grass":56,"dynamictrees:oak_branch":3,"minecraft:grass_block":1,"supplementaries:stick":1,"minecraft:cocoa":2,"minecraft:vine":72,"minecraft:jungle_log":23,"minecraft:gravel":5,"minecraft:tall_grass":2,"minecraft:cracked_stone_bricks":4,"minecraft:stone_bricks":9,"minecraft:dispenser":1,"minecraft:stone":62,"minecraft:fern":11,"minecraft:chiseled_stone_bricks":1},"minecraft:crafted":{"minecraft:wooden_sword":1,"minecraft:crafting_table":1,"minecraft:wooden_pickaxe":1,"minecraft:air":92,"minecraft:jungle_planks":23},"minecraft:used":{"butchercraft:chicken_scraps":7,"minecraft:wooden_pickaxe":43,"minecraft:crafting_table":1,"minecraft:jungle_planks":16,"tombstone:gift":4},"minecraft:picked_up":{"minecraft:cocoa_beans":6,"minecraft:stick":4,"grimoireofgaia:metal_dagger":1,"minecraft:feather":6,"minecraft:jungle_log":23,"minecraft:chiseled_stone_bricks":1,"hmag:soul_powder":2,"minecraft:leather":2,"minecraft:bowl":1,"minecraft:gravel":2,"minecraft:enchanted_book":1,"butchercraft:pork_scraps":1,"minecraft:stone_brick_stairs":4,"tombstone:grave_dust":1,"vampirism:armor_of_swiftness_head_ultimate":1,"minecraft:dirt":2,"grimoireofgaia:shiny_pearl":3,"butchercraft:chicken_scraps":7,"minecraft:stone_bricks":2,"minecraft:cracked_stone_bricks":2,"minecraft:wheat_seeds":13,"minecraft:candle":2,"minecraft:iron_nugget":3,"minecraft:jungle_sapling":2,"minecraft:moss_block":1,"minecraft:cobblestone":57,"atlantis:aquamarine_gem":2,"minecraft:egg":2},"minecraft:custom":{"minecraft:time_since_rest":178,"lootr:looted_stat":5,"minecraft:sprint_one_cm":69613,"minecraft:damage_taken":2555,"minecraft:walk_one_cm":89241,"minecraft:mob_kills":6,"minecraft:damage_dealt":569,"minecraft:swim_one_cm":6477,"minecraft:damage_dealt_absorbed":26,"minecraft:interact_with_crafting_table":2,"minecraft:fly_one_cm":194327,"minecraft:play_time":42981,"minecraft:crouch_one_cm":83,"minecraft:deaths":9,"minecraft:sneak_time":111,"minecraft:walk_under_water_one_cm":3807,"minecraft:jump":964,"minecraft:leave_game":3,"minecraft:time_since_death":0,"minecraft:walk_on_water_one_cm":21191,"minecraft:total_world_time":42981,"minecraft:climb_one_cm":2634,"minecraft:fall_one_cm":19374}},"DataVersion":3120}