{"stats":{"minecraft:killed_by":{"hmag:savagefang":1,"grimoireofgaia:cecaelia":1,"minecraft:creeper":1,"grimoireofgaia:cobble_golem":1,"minecraft:zombie":1,"gothic:lurker":1},"minecraft:killed":{"minecraft:pig":2,"minecraft:chicken":10},"minecraft:mined":{"minecraft:jungle_leaves":140,"minecraft:grass":54,"supplementaries:stick":1,"minecraft:grass_block":1,"minecraft:cocoa":2,"minecraft:vine":70,"minecraft:jungle_log":23,"minecraft:tall_grass":2,"minecraft:fern":11},"minecraft:crafted":{"minecraft:air":92,"minecraft:jungle_planks":23},"minecraft:used":{"butchercraft:chicken_scraps":7,"minecraft:jungle_planks":16,"tombstone:gift":4},"minecraft:picked_up":{"minecraft:cocoa_beans":6,"minecraft:stick":4,"minecraft:feather":6,"minecraft:jungle_log":23,"hmag:soul_powder":2,"minecraft:leather":2,"butchercraft:pork_scraps":1,"minecraft:dirt":2,"butchercraft:chicken_scraps":7,"minecraft:wheat_seeds":13,"minecraft:jungle_sapling":2,"minecraft:iron_nugget":1,"minecraft:moss_block":1,"minecraft:egg":2},"minecraft:custom":{"minecraft:time_since_rest":686,"minecraft:sprint_one_cm":50067,"minecraft:damage_taken":1730,"minecraft:walk_one_cm":66354,"minecraft:mob_kills":6,"minecraft:damage_dealt":559,"minecraft:damage_dealt_absorbed":26,"minecraft:swim_one_cm":2599,"minecraft:fly_one_cm":106674,"minecraft:crouch_one_cm":83,"minecraft:play_time":23114,"minecraft:deaths":6,"minecraft:sneak_time":50,"minecraft:walk_under_water_one_cm":1285,"minecraft:jump":576,"minecraft:leave_game":1,"minecraft:walk_on_water_one_cm":14770,"minecraft:time_since_death":3085,"minecraft:climb_one_cm":1719,"minecraft:total_world_time":23114,"minecraft:fall_one_cm":11634}},"DataVersion":3120}