{"stats":{"minecraft:killed_by":{"gothic:scavenger":1,"hmag:savagefang":1,"grimoireofgaia:cecaelia":1,"minecraft:creeper":1,"grimoireofgaia:cobble_golem":1,"minecraft:zombie":1,"gothic:lurker":1},"minecraft:killed":{"minecraft:pig":2,"minecraft:chicken":10},"minecraft:mined":{"gothic:innos_statue":1,"minecraft:candle":2,"minecraft:jungle_leaves":140,"dtterralith:oak_twiglet_leaves":4,"atlantis:aquamarine_ore":1,"minecraft:stone_brick_stairs":4,"minecraft:grass":56,"dynamictrees:oak_branch":3,"supplementaries:stick":1,"minecraft:grass_block":1,"minecraft:cocoa":2,"minecraft:vine":72,"minecraft:jungle_log":23,"minecraft:gravel":5,"minecraft:stone":62,"minecraft:cracked_stone_bricks":4,"minecraft:tall_grass":2,"minecraft:stone_bricks":9,"minecraft:dispenser":1,"minecraft:chiseled_stone_bricks":1,"minecraft:fern":11},"minecraft:crafted":{"minecraft:wooden_sword":1,"minecraft:crafting_table":1,"minecraft:wooden_pickaxe":1,"minecraft:air":92,"minecraft:jungle_planks":23},"minecraft:used":{"butchercraft:chicken_scraps":7,"minecraft:wooden_pickaxe":43,"minecraft:crafting_table":1,"minecraft:jungle_planks":16,"tombstone:gift":4},"minecraft:picked_up":{"minecraft:cocoa_beans":6,"minecraft:stick":4,"minecraft:feather":6,"minecraft:chiseled_stone_bricks":1,"minecraft:jungle_log":23,"hmag:soul_powder":2,"minecraft:leather":2,"minecraft:gravel":2,"butchercraft:pork_scraps":1,"minecraft:stone_brick_stairs":4,"minecraft:dirt":2,"butchercraft:chicken_scraps":7,"minecraft:stone_bricks":2,"minecraft:cracked_stone_bricks":2,"minecraft:wheat_seeds":13,"minecraft:candle":2,"minecraft:jungle_sapling":2,"minecraft:iron_nugget":1,"minecraft:moss_block":1,"atlantis:aquamarine_gem":1,"minecraft:cobblestone":57,"minecraft:egg":2},"minecraft:custom":{"minecraft:time_since_rest":2048,"minecraft:sprint_one_cm":68993,"minecraft:damage_taken":2100,"minecraft:walk_one_cm":87296,"minecraft:mob_kills":6,"minecraft:damage_dealt":569,"minecraft:damage_dealt_absorbed":26,"minecraft:swim_one_cm":6477,"minecraft:interact_with_crafting_table":2,"minecraft:fly_one_cm":189999,"minecraft:crouch_one_cm":83,"minecraft:play_time":35114,"minecraft:deaths":7,"minecraft:sneak_time":111,"minecraft:walk_under_water_one_cm":1430,"minecraft:jump":937,"minecraft:leave_game":1,"minecraft:walk_on_water_one_cm":19480,"minecraft:time_since_death":4447,"minecraft:climb_one_cm":2190,"minecraft:total_world_time":35114,"minecraft:fall_one_cm":18942}},"DataVersion":3120}