{"stats":{"minecraft:dropped":{"tombstone:familiar_stone":1,"minecraft:moss_block":8,"minecraft:wheat_seeds":11,"minecraft:iron_nugget":1,"supplementaries:bamboo_spikes":1,"minecraft:coarse_dirt":12,"alexsmobs:animal_dictionary":1,"minecraft:bowl":3,"minecraft:rooted_dirt":12,"gothic:innos_tears":1,"croptopia:rhubarb_seed":2,"guideapi_vp:vampirism-guidebook":1,"exoticbirds:mystery_egg":6,"bossominium:the_bossdexium":2,"vampirism:hunter_coat_chest_ultimate":1,"minecraft:dirt":11,"minecraft:gunpowder":1,"minecraft:writable_book":2,"minecraft:wooden_pickaxe":1,"minecraft:dandelion":1},"minecraft:killed_by":{"grimoireofgaia:cecaelia":1,"minecraft:spider":1,"gothic:lurker":1},"minecraft:killed":{"hmag:ghost":2,"minecraft:pig":10,"minecraft:spider":6,"grimoireofgaia:hunter":2,"grimoireofgaia:centaur":2,"minecraft:sheep":2,"minecraft:zombie":2,"minecraft:drowned":2,"alexsmobs:flying_fish":2},"minecraft:mined":{"exoticbirds:nest":1,"minecraft:jungle_leaves":109,"minecraft:crafting_table":2,"minecraft:grass_block":61,"minecraft:jungle_log":6,"minecraft:copper_ore":3,"minecraft:moss_block":10,"minecraft:rooted_dirt":14,"minecraft:coarse_dirt":13,"minecraft:furnace":1,"dynamictrees:oak_undergrowth_leaves":21,"atlantis:aquamarine_ore":13,"minecraft:grass":41,"minecraft:coal_ore":12,"croptopia:rhubarb_crop":1,"minecraft:vine":40,"minecraft:dirt":74,"minecraft:sand":7,"dynamictrees:jungle_undergrowth_leaves":32,"minecraft:stone":55,"minecraft:oak_leaves":5,"minecraft:fern":6},"minecraft:crafted":{"minecraft:crafting_table":1,"minecraft:wooden_pickaxe":1,"minecraft:furnace":1,"minecraft:stone_axe":1,"minecraft:air":43,"minecraft:jungle_planks":10,"butchercraft:cooked_pork_scraps":10,"minecraft:stone_pickaxe":1},"minecraft:picked_up":{"minecraft:coarse_dirt":14,"minecraft:crafting_table":2,"minecraft:jungle_log":23,"butchercraft:pork_scraps":10,"minecraft:gunpowder":2,"minecraft:string":2,"minecraft:dirt":105,"minecraft:candle":3,"minecraft:wheat_seeds":11,"alexsmobs:banana":1,"minecraft:jungle_sapling":1,"minecraft:iron_nugget":1,"minecraft:moss_block":13,"minecraft:furnace":1,"minecraft:egg":2,"minecraft:stick":17,"minecraft:dandelion":1,"croptopia:rhubarb_seed":2,"minecraft:sand":7,"vampirism:hunter_coat_chest_ultimate":1,"exoticbirds:mystery_egg":6,"gothic:innos_tears":1,"tombstone:familiar_stone":1,"minecraft:writable_book":1,"bossominium:the_bossdexium":1,"dynamictrees:jungle_seed":8,"butchercraft:lamb_scraps":1,"croptopia:rhubarb":1,"minecraft:rooted_dirt":12,"atlantis:aquamarine_gem":13,"minecraft:coal":12,"minecraft:black_wool":1,"alexsmobs:flying_fish":1,"minecraft:cobblestone":36},"minecraft:used":{"minecraft:moss_block":5,"minecraft:writable_book":2,"minecraft:stone_pickaxe":29,"minecraft:wooden_pickaxe":14,"croptopia:rhubarb":1,"minecraft:stick":2,"minecraft:dirt":56,"minecraft:sand":7,"minecraft:crafting_table":2,"supplementaries:bomb":1,"minecraft:jungle_planks":5,"butchercraft:cooked_pork_scraps":7,"hmag:bat_stew":3,"minecraft:jungle_sapling":1,"alexsmobs:flying_fish":1,"minecraft:black_wool":1,"hmag:cureberry":4,"supplementaries:bomb_blue":1,"butchercraft:lamb_scraps":1,"minecraft:stone_axe":37,"minecraft:gunpowder":1,"minecraft:furnace":1,"vampirism:armor_of_swiftness_chest_ultimate":1,"alexsmobs:banana":1,"tombstone:gift":1,"minecraft:egg":2,"minecraft:coarse_dirt":2,"minecraft:candle":3,"dynamictrees:jungle_seed":1},"minecraft:custom":{"lootr:looted_stat":8,"minecraft:interact_with_furnace":4,"minecraft:mob_kills":15,"minecraft:interact_with_crafting_table":3,"minecraft:leave_game":1,"minecraft:time_since_death":16042,"minecraft:climb_one_cm":1354,"minecraft:time_since_rest":14224,"minecraft:sprint_one_cm":60721,"minecraft:damage_taken":982,"minecraft:walk_one_cm":93137,"minecraft:drop":41,"minecraft:damage_dealt":2778,"tombstone:cast_on_ally":0,"minecraft:fly_one_cm":134153,"minecraft:open_chest":1,"minecraft:crouch_one_cm":3020,"minecraft:play_time":52589,"tombstone:undead_killed":3,"minecraft:deaths":3,"minecraft:sneak_time":608,"minecraft:walk_under_water_one_cm":3983,"minecraft:jump":1064,"minecraft:walk_on_water_one_cm":18605,"minecraft:total_world_time":52589,"minecraft:inspect_dispenser":1,"minecraft:fall_one_cm":24789}},"DataVersion":3120}