{"stats":{"minecraft:dropped":{"minecraft:moss_block":1,"minecraft:wheat_seeds":10,"croptopia:rhubarb_seed":2,"exoticbirds:mystery_egg":6,"minecraft:gunpowder":1,"minecraft:wooden_pickaxe":1,"minecraft:dandelion":1},"minecraft:killed_by":{"grimoireofgaia:cecaelia":1,"minecraft:spider":1,"gothic:lurker":1},"minecraft:killed":{"hmag:ghost":2,"minecraft:pig":10,"minecraft:spider":4,"grimoireofgaia:hunter":2,"grimoireofgaia:centaur":2,"minecraft:sheep":2,"minecraft:zombie":2,"alexsmobs:flying_fish":2},"minecraft:mined":{"exoticbirds:nest":1,"minecraft:jungle_leaves":109,"minecraft:crafting_table":2,"minecraft:grass_block":51,"minecraft:jungle_log":6,"minecraft:copper_ore":3,"minecraft:moss_block":2,"minecraft:furnace":1,"dynamictrees:oak_undergrowth_leaves":21,"minecraft:grass":41,"croptopia:rhubarb_crop":1,"minecraft:vine":38,"minecraft:dirt":19,"minecraft:sand":7,"dynamictrees:jungle_undergrowth_leaves":32,"minecraft:stone":39,"minecraft:oak_leaves":5,"minecraft:fern":6},"minecraft:crafted":{"minecraft:crafting_table":1,"minecraft:wooden_pickaxe":1,"minecraft:furnace":1,"minecraft:stone_axe":1,"minecraft:air":43,"minecraft:jungle_planks":10,"butchercraft:cooked_pork_scraps":10,"minecraft:stone_pickaxe":1},"minecraft:picked_up":{"minecraft:coarse_dirt":2,"minecraft:crafting_table":2,"minecraft:jungle_log":23,"butchercraft:pork_scraps":10,"minecraft:gunpowder":2,"minecraft:dirt":43,"minecraft:wheat_seeds":10,"alexsmobs:banana":1,"minecraft:jungle_sapling":1,"minecraft:iron_nugget":1,"minecraft:moss_block":6,"minecraft:furnace":1,"minecraft:egg":2,"minecraft:stick":17,"minecraft:dandelion":1,"croptopia:rhubarb_seed":2,"minecraft:sand":7,"exoticbirds:mystery_egg":6,"dynamictrees:jungle_seed":8,"butchercraft:lamb_scraps":1,"croptopia:rhubarb":1,"minecraft:black_wool":1,"alexsmobs:flying_fish":1,"minecraft:cobblestone":20},"minecraft:used":{"minecraft:moss_block":5,"minecraft:stone_pickaxe":1,"minecraft:wooden_pickaxe":14,"croptopia:rhubarb":1,"minecraft:stick":2,"minecraft:dirt":30,"minecraft:sand":7,"minecraft:crafting_table":2,"minecraft:jungle_planks":5,"butchercraft:cooked_pork_scraps":2,"minecraft:jungle_sapling":1,"alexsmobs:flying_fish":1,"minecraft:black_wool":1,"butchercraft:lamb_scraps":1,"minecraft:stone_axe":30,"minecraft:gunpowder":1,"minecraft:furnace":1,"alexsmobs:banana":1,"tombstone:gift":1,"minecraft:egg":2,"minecraft:coarse_dirt":2,"dynamictrees:jungle_seed":1},"minecraft:custom":{"minecraft:interact_with_furnace":4,"minecraft:mob_kills":13,"minecraft:interact_with_crafting_table":3,"minecraft:leave_game":1,"minecraft:time_since_death":4042,"minecraft:climb_one_cm":1354,"minecraft:time_since_rest":2224,"minecraft:sprint_one_cm":53268,"minecraft:damage_taken":840,"minecraft:walk_one_cm":76089,"minecraft:drop":22,"minecraft:damage_dealt":2418,"minecraft:fly_one_cm":117346,"minecraft:crouch_one_cm":435,"minecraft:play_time":40589,"tombstone:undead_killed":2,"minecraft:deaths":3,"minecraft:sneak_time":197,"minecraft:walk_under_water_one_cm":99,"minecraft:jump":858,"minecraft:walk_on_water_one_cm":8921,"minecraft:total_world_time":40589,"minecraft:fall_one_cm":20476}},"DataVersion":3120}