{"stats":{"minecraft:dropped":{"tombstone:familiar_stone":1,"minecraft:moss_block":8,"minecraft:wheat_seeds":11,"vampirism:armor_of_swiftness_head_ultimate":1,"minecraft:iron_nugget":1,"supplementaries:bamboo_spikes":1,"minecraft:coarse_dirt":12,"alexsmobs:animal_dictionary":1,"minecraft:bowl":4,"atlantis:aquamarine_gem":1,"minecraft:rooted_dirt":12,"gothic:innos_tears":1,"croptopia:rhubarb_seed":2,"guideapi_vp:vampirism-guidebook":1,"exoticbirds:mystery_egg":6,"bossominium:the_bossdexium":2,"vampirism:hunter_coat_chest_ultimate":1,"minecraft:dirt":11,"minecraft:gunpowder":1,"tombstone:grave_dust":1,"minecraft:writable_book":2,"minecraft:wooden_pickaxe":1,"minecraft:dandelion":1},"minecraft:killed_by":{"grimoireofgaia:cecaelia":1,"minecraft:spider":1,"gothic:lurker":1},"minecraft:killed":{"hmag:ghost":2,"minecraft:pig":10,"minecraft:spider":6,"grimoireofgaia:cecaelia":6,"grimoireofgaia:hunter":2,"grimoireofgaia:centaur":2,"minecraft:sheep":2,"minecraft:zombie":2,"minecraft:drowned":2,"minecraft:player":1,"alexsmobs:flying_fish":2},"minecraft:mined":{"lootr:lootr_chest":2,"exoticbirds:nest":1,"minecraft:jungle_leaves":109,"minecraft:crafting_table":3,"minecraft:grass_block":61,"minecraft:chest":1,"minecraft:jungle_log":6,"minecraft:tall_grass":1,"minecraft:copper_ore":3,"bossominium:runic_heart":1,"minecraft:moss_block":10,"minecraft:rooted_dirt":14,"minecraft:coarse_dirt":13,"minecraft:furnace":1,"dynamictrees:oak_undergrowth_leaves":24,"atlantis:aquamarine_ore":13,"minecraft:mossy_stone_brick_stairs":6,"minecraft:grass":42,"minecraft:coal_ore":12,"croptopia:rhubarb_crop":1,"minecraft:vine":40,"minecraft:dirt":79,"minecraft:sand":7,"dynamictrees:jungle_undergrowth_leaves":32,"minecraft:cracked_stone_bricks":1,"minecraft:mossy_stone_bricks":6,"minecraft:stone":55,"minecraft:oak_leaves":5,"minecraft:fern":6},"minecraft:crafted":{"atlantis:aquamarine_leggings":1,"atlantis:aquamarine_helmet":1,"minecraft:crafting_table":1,"minecraft:wooden_pickaxe":1,"minecraft:furnace":1,"minecraft:stone_axe":1,"minecraft:air":45,"minecraft:jungle_planks":10,"butchercraft:cooked_pork_scraps":10,"minecraft:stone_pickaxe":1},"minecraft:picked_up":{"minecraft:coarse_dirt":14,"minecraft:crafting_table":3,"minecraft:jungle_log":23,"butchercraft:pork_scraps":10,"minecraft:gunpowder":2,"minecraft:string":2,"minecraft:dirt":109,"minecraft:candle":3,"minecraft:wheat_seeds":11,"alexsmobs:banana":1,"minecraft:jungle_sapling":1,"minecraft:iron_nugget":1,"minecraft:moss_block":13,"minecraft:furnace":1,"minecraft:egg":2,"minecraft:stick":21,"minecraft:dandelion":1,"croptopia:rhubarb_seed":2,"minecraft:sand":7,"vampirism:hunter_coat_chest_ultimate":1,"exoticbirds:mystery_egg":6,"gothic:innos_tears":1,"tombstone:familiar_stone":1,"minecraft:writable_book":1,"bossominium:the_bossdexium":1,"dynamictrees:jungle_seed":8,"butchercraft:lamb_scraps":1,"croptopia:rhubarb":1,"minecraft:rooted_dirt":12,"atlantis:aquamarine_gem":13,"minecraft:coal":12,"minecraft:black_wool":1,"alexsmobs:flying_fish":1,"minecraft:cobblestone":36},"minecraft:used":{"minecraft:moss_block":5,"minecraft:writable_book":2,"minecraft:stone_pickaxe":29,"minecraft:wooden_pickaxe":14,"croptopia:rhubarb":1,"minecraft:rotten_flesh":1,"minecraft:stick":2,"atlantis:aquamarine_helmet":1,"minecraft:dirt":80,"minecraft:sand":7,"vampirism:hunter_coat_feet_ultimate":1,"minecraft:crafting_table":3,"supplementaries:bomb":1,"minecraft:jungle_planks":5,"butchercraft:cooked_pork_scraps":7,"hmag:randomberry":6,"hmag:bat_stew":4,"minecraft:jungle_sapling":1,"alexsmobs:flying_fish":1,"minecraft:black_wool":1,"hmag:cureberry":4,"supplementaries:bomb_blue":1,"butchercraft:lamb_scraps":1,"minecraft:stone_axe":64,"minecraft:gunpowder":1,"minecraft:furnace":1,"vampirism:armor_of_swiftness_chest_ultimate":1,"alexsmobs:banana":1,"tombstone:gift":1,"minecraft:egg":2,"minecraft:coarse_dirt":2,"minecraft:candle":3,"dynamictrees:jungle_seed":1},"minecraft:custom":{"lootr:looted_stat":9,"minecraft:interact_with_furnace":4,"minecraft:mob_kills":18,"minecraft:interact_with_crafting_table":7,"minecraft:leave_game":2,"minecraft:time_since_death":24799,"minecraft:climb_one_cm":1354,"minecraft:time_since_rest":22981,"minecraft:sprint_one_cm":66464,"minecraft:damage_taken":1213,"minecraft:walk_one_cm":109151,"minecraft:drop":45,"minecraft:damage_dealt":3907,"tombstone:cast_on_ally":0,"minecraft:player_kills":1,"minecraft:fly_one_cm":145771,"minecraft:open_chest":1,"minecraft:crouch_one_cm":3561,"minecraft:play_time":61346,"tombstone:undead_killed":3,"minecraft:deaths":3,"minecraft:sneak_time":747,"minecraft:walk_under_water_one_cm":3983,"minecraft:jump":1309,"minecraft:walk_on_water_one_cm":21184,"minecraft:total_world_time":61346,"minecraft:inspect_dispenser":1,"minecraft:fall_one_cm":29356}},"DataVersion":3120}