{
  "securitycraft:recipes/securitycraft/universal_block_remover": {
    "criteria": {
      "has_iron": "2024-09-01 18:00:50 +0000"
    },
    "done": true
  },
  "smallships:recipes/transportation/birch_drakkar": {
    "criteria": {
      "in_water": "2024-09-01 17:29:06 +0000"
    },
    "done": true
  },
  "minecraft:recipes/redstone/lever": {
    "criteria": {
      "has_cobblestone": "2024-09-01 17:46:08 +0000"
    },
    "done": true
  },
  "vampirism:recipes/vampirism/vampire/altar_infusion": {
    "criteria": {
      "has_gold": "2024-09-01 18:00:59 +0000"
    },
    "done": true
  },
  "minecraft:recipes/building_blocks/cobblestone_stairs_from_cobblestone_stonecutting": {
    "criteria": {
      "has_cobblestone": "2024-09-01 17:46:08 +0000"
    },
    "done": true
  },
  "minecraft:recipes/building_blocks/magenta_concrete_powder": {
    "criteria": {
      "has_gravel": "2024-09-01 17:46:03 +0000"
    },
    "done": true
  },
  "farmersdelight:recipes/farmersdelight/organic_compost_from_rotten_flesh": {
    "criteria": {
      "has_rotten_flesh": "2024-09-01 18:00:38 +0000"
    },
    "done": true
  },
  "exoticbirds:recipes/phoenix_egg_from_water_phoenix": {
    "criteria": {
      "has_egg": "2024-09-01 17:14:40 +0000"
    },
    "done": true
  },
  "minecraft:recipes/combat/iron_sword": {
    "criteria": {
      "has_iron_ingot": "2024-09-01 18:00:50 +0000"
    },
    "done": true
  },
  "smallships:recipes/transportation/jungle_drakkar": {
    "criteria": {
      "in_water": "2024-09-01 17:29:06 +0000"
    },
    "done": true
  },
  "blue_skies:recipes/blue_skies_everdawn_blocks/coarse_lunar_dirt": {
    "criteria": {
      "has_item": "2024-09-01 17:46:03 +0000"
    },
    "done": true
  },
  "evilcraft:evil_source": {
    "criteria": {
      "criteria_0": "2024-09-01 18:00:38 +0000"
    },
    "done": true
  },
  "butchercraft:recipes/butchercraft.items/chicken_block_to_scraps": {
    "criteria": {
      "has_chicken": "2024-09-01 17:18:56 +0000"
    },
    "done": true
  },
  "croptopia:recipes/fruit_smoothie": {
    "criteria": {
      "has_fruit": "2024-09-01 18:00:57 +0000"
    },
    "done": true
  },
  "minecraft:recipes/building_blocks/lime_concrete_powder": {
    "criteria": {
      "has_gravel": "2024-09-01 17:46:03 +0000"
    },
    "done": true
  },
  "securitycraft:recipes/securitycraft/sentry": {
    "criteria": {
      "has_iron": "2024-09-01 18:00:50 +0000"
    },
    "done": true
  },
  "mca:recipes/misc/needle_and_thread": {
    "criteria": {
      "has_item": "2024-09-01 18:00:50 +0000"
    },
    "done": true
  },
  "vampirism:recipes/vampirism/general/fire_place": {
    "criteria": {
      "has_logs": "2024-09-01 17:19:56 +0000"
    },
    "done": true
  },
  "minecraft:recipes/building_blocks/chiseled_stone_bricks": {
    "criteria": {
      "has_tag": "2024-09-01 17:43:32 +0000"
    },
    "done": true
  },
  "exoticbirds:recipes/white_birdhouse": {
    "criteria": {
      "has_wood": "2024-09-01 17:25:13 +0000"
    },
    "done": true
  },
  "minecraft:recipes/building_blocks/stone_brick_slab_from_stone_bricks_stonecutting": {
    "criteria": {
      "has_stone_bricks": "2024-09-01 17:44:11 +0000"
    },
    "done": true
  },
  "minecraft:recipes/tools/iron_pickaxe": {
    "criteria": {
      "has_iron_ingot": "2024-09-01 18:00:50 +0000"
    },
    "done": true
  },
  "butchercraft:recipes/butchercraft.items/gut_knife": {
    "criteria": {
      "has_iron": "2024-09-01 18:00:50 +0000"
    },
    "done": true
  },
  "minecraft:recipes/building_blocks/yellow_concrete_powder": {
    "criteria": {
      "has_gravel": "2024-09-01 17:46:03 +0000"
    },
    "done": true
  },
  "minecraft:recipes/combat/leather_helmet": {
    "criteria": {
      "has_leather": "2024-09-01 17:25:59 +0000"
    },
    "done": true
  },
  "minecraft:recipes/decorations/campfire": {
    "criteria": {
      "has_stick": "2024-09-01 17:19:46 +0000"
    },
    "done": true
  },
  "minecraft:recipes/decorations/crafting_table": {
    "criteria": {
      "has_planks": "2024-09-01 17:25:13 +0000"
    },
    "done": true
  },
  "smallships:recipes/transportation/birch_cog": {
    "criteria": {
      "in_water": "2024-09-01 17:29:06 +0000"
    },
    "done": true
  },
  "minecraft:recipes/tools/golden_hoe": {
    "criteria": {
      "has_gold_ingot": "2024-09-01 18:00:59 +0000"
    },
    "done": true
  },
  "exoticbirds:recipes/gold_birdcage": {
    "criteria": {
      "has_stick": "2024-09-01 17:19:46 +0000"
    },
    "done": true
  },
  "exoticbirds:recipes/orange_birdhouse": {
    "criteria": {
      "has_wood": "2024-09-01 17:25:13 +0000"
    },
    "done": true
  },
  "croptopia:recipes/croptopia.croptopia/meringue": {
    "criteria": {
      "has_egg": "2024-09-01 17:19:05 +0000"
    },
    "done": true
  },
  "minecraft:recipes/decorations/ladder": {
    "criteria": {
      "has_stick": "2024-09-01 17:19:46 +0000"
    },
    "done": true
  },
  "minecraft:recipes/misc/iron_nugget": {
    "criteria": {
      "has_iron_ingot": "2024-09-01 18:00:50 +0000"
    },
    "done": true
  },
  "minecraft:recipes/decorations/chest": {
    "criteria": {
      "has_lots_of_items": "2024-09-01 17:19:56 +0000"
    },
    "done": true
  },
  "minecraft:recipes/combat/golden_sword": {
    "criteria": {
      "has_gold_ingot": "2024-09-01 18:00:59 +0000"
    },
    "done": true
  },
  "vampirism:recipes/vampirism/hunter/cross": {
    "criteria": {
      "has_planks": "2024-09-01 17:25:13 +0000"
    },
    "done": true
  },
  "minecraft:recipes/building_blocks/brown_concrete_powder": {
    "criteria": {
      "has_gravel": "2024-09-01 17:46:03 +0000"
    },
    "done": true
  },
  "minecraft:recipes/transportation/mangrove_boat": {
    "criteria": {
      "in_water": "2024-09-01 17:29:06 +0000"
    },
    "done": true
  },
  "exoticbirds:recipes/light_gray_birdhouse": {
    "criteria": {
      "has_wood": "2024-09-01 17:25:13 +0000"
    },
    "done": true
  },
  "minecraft:recipes/tools/wooden_shovel": {
    "criteria": {
      "has_stick": "2024-09-01 17:19:46 +0000"
    },
    "done": true
  },
  "securitycraft:recipes/securitycraft/track_mine": {
    "criteria": {
      "has_iron": "2024-09-01 18:00:50 +0000"
    },
    "done": true
  },
  "exoticbirds:recipes/yellow_birdhouse": {
    "criteria": {
      "has_wood": "2024-09-01 17:25:13 +0000"
    },
    "done": true
  },
  "blue_skies:recipes/food/cake_compat": {
    "criteria": {
      "has_item": "2024-09-01 17:19:05 +0000"
    },
    "done": true
  },
  "create:recipes/create.palettes/industrial_iron_block_from_ingots_iron_stonecutting": {
    "criteria": {
      "has_ingots_iron": "2024-09-01 18:00:50 +0000"
    },
    "done": true
  },
  "minecraft:recipes/tools/shears": {
    "criteria": {
      "has_iron_ingot": "2024-09-01 18:00:50 +0000"
    },
    "done": true
  },
  "minecraft:recipes/misc/stick": {
    "criteria": {
      "has_planks": "2024-09-01 17:25:13 +0000"
    },
    "done": true
  },
  "smallships:recipes/transportation/acacia_galley": {
    "criteria": {
      "in_water": "2024-09-01 17:29:06 +0000"
    },
    "done": true
  },
  "tombstone:adventure/cancel_ghostly_shape": {
    "criteria": {
      "coded_trigger": "2024-09-01 17:21:06 +0000"
    },
    "done": true
  },
  "croptopia:recipes/chilli_relleno": {
    "criteria": {
      "has_egg": "2024-09-01 17:19:05 +0000"
    },
    "done": true
  },
  "lootr:1chest": {
    "criteria": {
      "opened_chest": "2024-09-01 18:00:31 +0000"
    },
    "done": true
  },
  "minecraft:recipes/transportation/spruce_boat": {
    "criteria": {
      "in_water": "2024-09-01 17:29:06 +0000"
    },
    "done": true
  },
  "netherdungeons:recipes/crafting/gold_chain": {
    "criteria": {
      "has_items": "2024-09-01 18:00:59 +0000"
    },
    "done": true
  },
  "minecraft:recipes/building_blocks/cracked_stone_bricks": {
    "criteria": {
      "has_stone_bricks": "2024-09-01 17:44:11 +0000"
    },
    "done": true
  },
  "atlantis:recipes/atlantis.general/orichalcum_blend": {
    "criteria": {
      "has_aquamarine_gem": "2024-09-01 17:50:44 +0000",
      "has_the_recipe": "2024-09-01 17:50:44 +0000"
    },
    "done": true
  },
  "croptopia:recipes/croptopia.croptopia/mortar_and_pestle": {
    "criteria": {
      "has_bowl": "2024-09-01 18:00:21 +0000"
    },
    "done": true
  },
  "exoticbirds:recipes/purple_birdhouse": {
    "criteria": {
      "has_wood": "2024-09-01 17:25:13 +0000"
    },
    "done": true
  },
  "securitycraft:recipes/securitycraft/blacklist_module": {
    "criteria": {
      "has_iron": "2024-09-01 18:00:50 +0000"
    },
    "done": true
  },
  "justhammers:recipes/justhammers.justhammers_tab/iron_hammer": {
    "criteria": {
      "has_material": "2024-09-01 18:00:50 +0000"
    },
    "done": true
  },
  "securitycraft:recipes/securitycraft/speed_module": {
    "criteria": {
      "has_iron": "2024-09-01 18:00:50 +0000"
    },
    "done": true
  },
  "naturalist:recipes/food/cake": {
    "criteria": {
      "has_the_recipe": "2024-09-01 17:19:05 +0000"
    },
    "done": true
  },
  "securitycraft:recipes/securitycraft/electrified_iron_fence": {
    "criteria": {
      "has_iron": "2024-09-01 18:00:50 +0000"
    },
    "done": true
  },
  "minecraft:recipes/building_blocks/emerald_block": {
    "criteria": {
      "has_emerald": "2024-09-01 18:00:58 +0000"
    },
    "done": true
  },
  "minecraft:recipes/food/mushroom_stew": {
    "criteria": {
      "has_bowl": "2024-09-01 18:00:21 +0000"
    },
    "done": true
  },
  "securitycraft:recipes/securitycraft/harming_module": {
    "criteria": {
      "has_iron": "2024-09-01 18:00:50 +0000"
    },
    "done": true
  },
  "minecraft:recipes/food/cake": {
    "criteria": {
      "has_egg": "2024-09-01 17:19:05 +0000"
    },
    "done": true
  },
  "tombstone:adventure/chain_death": {
    "criteria": {
      "coded_trigger": "2024-09-01 17:21:45 +0000"
    },
    "done": true
  },
  "grimoireofgaia:recipes/grimoireofgaia/pearl_block": {
    "criteria": {
      "has_shiny_pearl": "2024-09-01 18:00:20 +0000"
    },
    "done": true
  },
  "minecraft:recipes/misc/gold_nugget": {
    "criteria": {
      "has_gold_ingot": "2024-09-01 18:00:59 +0000"
    },
    "done": true
  },
  "vampirism:recipes/vampirism/general/throne": {
    "criteria": {
      "has_stick": "2024-09-01 17:19:46 +0000"
    },
    "done": true
  },
  "minecraft:recipes/combat/iron_leggings": {
    "criteria": {
      "has_iron_ingot": "2024-09-01 18:00:50 +0000"
    },
    "done": true
  },
  "create:recipes/create.palettes/ornate_iron_window": {
    "criteria": {
      "has_ingredient": "2024-09-01 17:25:59 +0000"
    },
    "done": true
  },
  "minecraft:recipes/tools/wooden_hoe": {
    "criteria": {
      "has_stick": "2024-09-01 17:19:46 +0000"
    },
    "done": true
  },
  "tombstone:recipes/from_grave_key": {
    "criteria": {
      "has_ingredient": "2024-09-01 17:20:52 +0000"
    },
    "done": true
  },
  "minecraft:recipes/redstone/jungle_trapdoor": {
    "criteria": {
      "has_planks": "2024-09-01 17:25:13 +0000"
    },
    "done": true
  },
  "minecraft:recipes/combat/shield": {
    "criteria": {
      "has_iron_ingot": "2024-09-01 18:00:50 +0000"
    },
    "done": true
  },
  "exoticbirds:recipes/phoenix_egg_from_ender_phoenix": {
    "criteria": {
      "has_egg": "2024-09-01 17:14:40 +0000"
    },
    "done": true
  },
  "minecraft:recipes/building_blocks/cobblestone_slab": {
    "criteria": {
      "has_cobblestone": "2024-09-01 17:46:08 +0000"
    },
    "done": true
  },
  "smallships:recipes/transportation/jungle_galley": {
    "criteria": {
      "in_water": "2024-09-01 17:29:06 +0000"
    },
    "done": true
  },
  "exoticbirds:recipes/light_blue_birdhouse": {
    "criteria": {
      "has_wood": "2024-09-01 17:25:13 +0000"
    },
    "done": true
  },
  "minecraft:recipes/misc/bucket": {
    "criteria": {
      "has_iron_ingot": "2024-09-01 18:00:50 +0000"
    },
    "done": true
  },
  "minecraft:recipes/redstone/jungle_button": {
    "criteria": {
      "has_planks": "2024-09-01 17:25:13 +0000"
    },
    "done": true
  },
  "smallships:recipes/transportation/acacia_brigg": {
    "criteria": {
      "in_water": "2024-09-01 17:29:06 +0000"
    },
    "done": true
  },
  "minecraft:recipes/building_blocks/cobblestone_stairs": {
    "criteria": {
      "has_cobblestone": "2024-09-01 17:46:08 +0000"
    },
    "done": true
  },
  "minecraft:recipes/building_blocks/stone_brick_stairs_from_stone_bricks_stonecutting": {
    "criteria": {
      "has_stone_bricks": "2024-09-01 17:44:11 +0000"
    },
    "done": true
  },
  "minecraft:recipes/redstone/hopper": {
    "criteria": {
      "has_iron_ingot": "2024-09-01 18:00:50 +0000"
    },
    "done": true
  },
  "butchercraft:recipes/butchercraft.items/grinder_tip": {
    "criteria": {
      "has_iron": "2024-09-01 18:00:50 +0000"
    },
    "done": true
  },
  "exoticbirds:recipes/magenta_birdhouse": {
    "criteria": {
      "has_wood": "2024-09-01 17:25:13 +0000"
    },
    "done": true
  },
  "vampirism:recipes/vampirism/vampire/altar_pillar": {
    "criteria": {
      "has_stones": "2024-09-01 17:44:11 +0000"
    },
    "done": true
  },
  "minecraft:recipes/building_blocks/coarse_dirt": {
    "criteria": {
      "has_gravel": "2024-09-01 17:46:03 +0000"
    },
    "done": true
  },
  "vampirism:main/root": {
    "criteria": {
      "second": "2024-09-01 18:00:38 +0000"
    },
    "done": true
  },
  "smallships:recipes/transportation/dark_oak_galley": {
    "criteria": {
      "in_water": "2024-09-01 17:29:06 +0000"
    },
    "done": true
  },
  "boatload:recipes/transportation/crimson_boat": {
    "criteria": {
      "in_water": "2024-09-01 17:29:06 +0000"
    },
    "done": true
  },
  "tombstone:adventure/first_grave": {
    "criteria": {
      "coded_trigger": "2024-09-01 17:20:47 +0000"
    },
    "done": true
  },
  "securitycraft:recipes/securitycraft/redstone_module": {
    "criteria": {
      "has_iron": "2024-09-01 18:00:50 +0000"
    },
    "done": true
  },
  "naturalist:recipes/food/cooked_egg": {
    "criteria": {
      "has_eggs": "2024-09-01 17:14:40 +0000"
    },
    "done": true
  },
  "croptopia:recipes/chocolate": {
    "criteria": {
      "has_cocoa_beans": "2024-09-01 17:19:52 +0000"
    },
    "done": true
  },
  "minecraft:recipes/building_blocks/light_gray_concrete_powder": {
    "criteria": {
      "has_gravel": "2024-09-01 17:46:03 +0000"
    },
    "done": true
  },
  "minecraft:recipes/building_blocks/light_blue_concrete_powder": {
    "criteria": {
      "has_gravel": "2024-09-01 17:46:03 +0000"
    },
    "done": true
  },
  "vampirism:recipes/vampirism/vampire/altar_inspiration": {
    "criteria": {
      "has_planks": "2024-09-01 17:25:13 +0000"
    },
    "done": true
  },
  "exoticbirds:recipes/egg_identifier": {
    "criteria": {
      "has_bucket": "2024-09-01 17:14:40 +0000"
    },
    "done": true
  },
  "minecraft:recipes/misc/leather_horse_armor": {
    "criteria": {
      "has_leather": "2024-09-01 17:25:59 +0000"
    },
    "done": true
  },
  "atlantis:recipes/misc/orichalcum_blend": {
    "criteria": {
      "has_aquamarine_gem": "2024-09-01 17:50:44 +0000"
    },
    "done": true
  },
  "minecraft:recipes/combat/leather_leggings": {
    "criteria": {
      "has_leather": "2024-09-01 17:25:59 +0000"
    },
    "done": true
  },
  "minecraft:recipes/combat/iron_helmet": {
    "criteria": {
      "has_iron_ingot": "2024-09-01 18:00:50 +0000"
    },
    "done": true
  },
  "minecraft:recipes/tools/golden_shovel": {
    "criteria": {
      "has_gold_ingot": "2024-09-01 18:00:59 +0000"
    },
    "done": true
  },
  "minecraft:recipes/building_blocks/pink_concrete_powder": {
    "criteria": {
      "has_gravel": "2024-09-01 17:46:03 +0000"
    },
    "done": true
  },
  "securitycraft:recipes/securitycraft/security_camera": {
    "criteria": {
      "has_iron": "2024-09-01 18:00:50 +0000"
    },
    "done": true
  },
  "exoticbirds:recipes/black_birdhouse": {
    "criteria": {
      "has_wood": "2024-09-01 17:25:13 +0000"
    },
    "done": true
  },
  "exoticbirds:recipes/red_birdhouse": {
    "criteria": {
      "has_wood": "2024-09-01 17:25:13 +0000"
    },
    "done": true
  },
  "securitycraft:recipes/securitycraft/door_indestructible_iron_item": {
    "criteria": {
      "has_iron": "2024-09-01 18:00:50 +0000"
    },
    "done": true
  },
  "minecraft:recipes/building_blocks/purple_concrete_powder": {
    "criteria": {
      "has_gravel": "2024-09-01 17:46:03 +0000"
    },
    "done": true
  },
  "minecraft:recipes/decorations/iron_bars": {
    "criteria": {
      "has_iron_ingot": "2024-09-01 18:00:50 +0000"
    },
    "done": true
  },
  "exoticbirds:recipes/crimson_birdcage": {
    "criteria": {
      "has_stick": "2024-09-01 17:19:46 +0000"
    },
    "done": true
  },
  "smallships:recipes/transportation/oak_brigg": {
    "criteria": {
      "in_water": "2024-09-01 17:29:06 +0000"
    },
    "done": true
  },
  "exoticbirds:recipes/phoenix_egg_from_nether_phoenix": {
    "criteria": {
      "has_egg": "2024-09-01 17:14:40 +0000"
    },
    "done": true
  },
  "farmersdelight:recipes/farmersdelight/fried_egg_from_campfire_cooking": {
    "criteria": {
      "fried_egg": "2024-09-01 17:19:05 +0000"
    },
    "done": true
  },
  "minecraft:recipes/building_blocks/gold_block": {
    "criteria": {
      "has_gold_ingot": "2024-09-01 18:00:59 +0000"
    },
    "done": true
  },
  "exoticbirds:default/root": {
    "criteria": {
      "launch_mod": "2024-09-01 17:14:41 +0000"
    },
    "done": true
  },
  "vampirism:recipes/vampirism/hunter/stake": {
    "criteria": {
      "has_sticks": "2024-09-01 17:19:46 +0000"
    },
    "done": true
  },
  "smallships:recipes/transportation/birch_galley": {
    "criteria": {
      "in_water": "2024-09-01 17:29:06 +0000"
    },
    "done": true
  },
  "minecraft:story/mine_stone": {
    "criteria": {
      "get_stone": "2024-09-01 17:46:08 +0000"
    },
    "done": true
  },
  "morebowsandarrows:recipes/all_recipes": {
    "criteria": {
      "has_the_recipe": "2024-09-01 17:19:19 +0000"
    },
    "done": true
  },
  "exoticbirds:recipes/cyan_birdhouse": {
    "criteria": {
      "has_wood": "2024-09-01 17:25:13 +0000"
    },
    "done": true
  },
  "minecraft:recipes/decorations/furnace": {
    "criteria": {
      "has_cobblestone": "2024-09-01 17:46:08 +0000"
    },
    "done": true
  },
  "minecraft:recipes/transportation/minecart": {
    "criteria": {
      "has_iron_ingot": "2024-09-01 18:00:50 +0000"
    },
    "done": true
  },
  "vampirism:recipes/vampirism/vampire/blood_infused_iron_ingot": {
    "criteria": {
      "has_iron": "2024-09-01 18:00:50 +0000"
    },
    "done": true
  },
  "tombstone:adventure/create_magic_scroll": {
    "criteria": {
      "has_magic_scroll": "2024-09-01 18:00:56 +0000"
    },
    "done": true
  },
  "smallships:recipes/transportation/birch_brigg": {
    "criteria": {
      "in_water": "2024-09-01 17:29:06 +0000"
    },
    "done": true
  },
  "vampirism:recipes/vampirism/general/grave_cage": {
    "criteria": {
      "has_iron": "2024-09-01 18:00:50 +0000"
    },
    "done": true
  },
  "minecraft:recipes/misc/charcoal": {
    "criteria": {
      "has_log": "2024-09-01 17:19:56 +0000"
    },
    "done": true
  },
  "exoticbirds:recipes/blue_birdhouse": {
    "criteria": {
      "has_wood": "2024-09-01 17:25:13 +0000"
    },
    "done": true
  },
  "minecraft:recipes/tools/wooden_pickaxe": {
    "criteria": {
      "has_stick": "2024-09-01 17:19:46 +0000"
    },
    "done": true
  },
  "minecraft:recipes/tools/iron_hoe": {
    "criteria": {
      "has_iron_ingot": "2024-09-01 18:00:50 +0000"
    },
    "done": true
  },
  "minecraft:recipes/building_blocks/cobblestone_slab_from_cobblestone_stonecutting": {
    "criteria": {
      "has_cobblestone": "2024-09-01 17:46:08 +0000"
    },
    "done": true
  },
  "butchercraft:recipes/butchercraft.items/butcher_knife": {
    "criteria": {
      "has_iron": "2024-09-01 18:00:50 +0000"
    },
    "done": true
  },
  "vampirism:recipes/vampirism/cursed_spruce_boat": {
    "criteria": {
      "in_water": "2024-09-01 17:29:06 +0000"
    },
    "done": true
  },
  "minecraft:husbandry/root": {
    "criteria": {
      "consumed_item": "2024-09-01 17:27:57 +0000"
    },
    "done": true
  },
  "minecraft:recipes/building_blocks/stone_brick_slab": {
    "criteria": {
      "has_stone_bricks": "2024-09-01 17:43:32 +0000"
    },
    "done": true
  },
  "butchercraft:recipes/butchercraft.items/chicken_scrap_to_ground_chicken": {
    "criteria": {
      "has_chicken_scrap": "2024-09-01 17:18:56 +0000"
    },
    "done": true
  },
  "minecraft:recipes/transportation/birch_boat": {
    "criteria": {
      "in_water": "2024-09-01 17:29:06 +0000"
    },
    "done": true
  },
  "minecraft:recipes/food/golden_apple": {
    "criteria": {
      "has_gold_ingot": "2024-09-01 18:00:59 +0000"
    },
    "done": true
  },
  "securitycraft:recipes/securitycraft/sonic_security_system": {
    "criteria": {
      "has_stick": "2024-09-01 17:19:46 +0000"
    },
    "done": true
  },
  "minecraft:recipes/building_blocks/green_concrete_powder": {
    "criteria": {
      "has_gravel": "2024-09-01 17:46:03 +0000"
    },
    "done": true
  },
  "1_splatus:ultris/giantrevive": {
    "criteria": {
      "c1": "2024-09-01 17:20:47 +0000"
    },
    "done": true
  },
  "minecraft:recipes/transportation/acacia_boat": {
    "criteria": {
      "in_water": "2024-09-01 17:29:06 +0000"
    },
    "done": true
  },
  "minecraft:recipes/tools/iron_shovel": {
    "criteria": {
      "has_iron_ingot": "2024-09-01 18:00:50 +0000"
    },
    "done": true
  },
  "butchercraft:recipes/butchercraft.items/extruder_tip": {
    "criteria": {
      "has_iron": "2024-09-01 18:00:50 +0000"
    },
    "done": true
  },
  "minecraft:recipes/redstone/iron_trapdoor": {
    "criteria": {
      "has_iron_ingot": "2024-09-01 18:00:50 +0000"
    },
    "done": true
  },
  "farmersdelight:recipes/farmersdelight/cutting_board": {
    "criteria": {
      "has_stick": "2024-09-01 17:19:46 +0000"
    },
    "done": true
  },
  "exoticbirds:recipes/phoenix_egg_from_twilight_phoenix": {
    "criteria": {
      "has_egg": "2024-09-01 17:14:40 +0000"
    },
    "done": true
  },
  "minecraft:adventure/root": {
    "criteria": {
      "killed_something": "2024-09-01 17:18:56 +0000"
    },
    "done": true
  },
  "vampirism:recipes/vampirism/vampire/candelabra_candles": {
    "criteria": {
      "has_honey": "2024-09-01 17:43:57 +0000"
    },
    "done": true
  },
  "justhammers:recipes/justhammers.justhammers_tab/gold_hammer": {
    "criteria": {
      "has_material": "2024-09-01 18:00:59 +0000"
    },
    "done": true
  },
  "butchercraft:recipes/butchercraft.items/skinning_knife": {
    "criteria": {
      "has_iron": "2024-09-01 18:00:50 +0000"
    },
    "done": true
  },
  "securitycraft:recipes/securitycraft/storage_module": {
    "criteria": {
      "has_iron": "2024-09-01 18:00:50 +0000"
    },
    "done": true
  },
  "lootr:social": {
    "criteria": {
      "opened_chest": "2024-09-01 18:00:31 +0000"
    },
    "done": false
  },
  "minecraft:recipes/building_blocks/white_concrete_powder": {
    "criteria": {
      "has_gravel": "2024-09-01 17:46:03 +0000"
    },
    "done": true
  },
  "farmersdelight:main/root": {
    "criteria": {
      "seeds": "2024-09-01 17:14:40 +0000"
    },
    "done": true
  },
  "minecraft:recipes/decorations/jungle_fence": {
    "criteria": {
      "has_planks": "2024-09-01 17:25:13 +0000"
    },
    "done": true
  },
  "minecraft:recipes/decorations/item_frame": {
    "criteria": {
      "has_leather": "2024-09-01 17:25:59 +0000"
    },
    "done": true
  },
  "minecraft:recipes/tools/stone_hoe": {
    "criteria": {
      "has_cobblestone": "2024-09-01 17:46:08 +0000"
    },
    "done": true
  },
  "croptopia:recipes/croptopia.croptopia/frying_pan": {
    "criteria": {
      "has_iron": "2024-09-01 18:00:50 +0000"
    },
    "done": true
  },
  "vampirism:recipes/vampirism/hunter/item_med_chair": {
    "criteria": {
      "has_iron_ingot": "2024-09-01 18:00:50 +0000"
    },
    "done": true
  },
  "vampirism:recipes/vampirism/vampire/vampire_clothing_crown": {
    "criteria": {
      "has_gold": "2024-09-01 18:00:59 +0000"
    },
    "done": true
  },
  "vampirism:recipes/vampirism/alchemy_table": {
    "criteria": {
      "has_planks": "2024-09-01 17:25:13 +0000"
    },
    "done": true
  },
  "farmersdelight:recipes/farmersdelight/cooking_pot": {
    "criteria": {
      "has_iron_ingot": "2024-09-01 18:00:50 +0000"
    },
    "done": true
  },
  "farmersdelight:recipes/farmersdelight/cooking/dog_food": {
    "criteria": {
      "has_any_ingredient": "2024-09-01 18:00:38 +0000"
    },
    "done": true
  },
  "blue_skies:recipes/blue_skies_everbright_blocks/coarse_turquoise_dirt": {
    "criteria": {
      "has_item": "2024-09-01 17:46:03 +0000"
    },
    "done": true
  },
  "minecraft:recipes/decorations/stone_brick_wall": {
    "criteria": {
      "has_stone_bricks": "2024-09-01 17:44:11 +0000"
    },
    "done": true
  },
  "smallships:recipes/transportation/acacia_drakkar": {
    "criteria": {
      "in_water": "2024-09-01 17:29:06 +0000"
    },
    "done": true
  },
  "smallships:recipes/transportation/spruce_brigg": {
    "criteria": {
      "in_water": "2024-09-01 17:29:06 +0000"
    },
    "done": true
  },
  "farmersdelight:recipes/farmersdelight/mixed_salad": {
    "criteria": {
      "has_bowl": "2024-09-01 18:00:21 +0000"
    },
    "done": true
  },
  "smallships:recipes/transportation/jungle_brigg": {
    "criteria": {
      "in_water": "2024-09-01 17:29:06 +0000"
    },
    "done": true
  },
  "vampirism:recipes/brewing/vampire/blood_bottle_to_glass": {
    "criteria": {
      "has_blood_bottle": "2024-09-01 18:00:39 +0000"
    },
    "done": true
  },
  "create:root": {
    "criteria": {
      "0": "2024-09-01 17:14:40 +0000"
    },
    "done": true
  },
  "betterdeserttemples:root": {
    "criteria": {
      "always": "2024-09-01 17:14:41 +0000"
    },
    "done": true
  },
  "minecraft:recipes/decorations/chain": {
    "criteria": {
      "has_iron_nugget": "2024-09-01 17:25:59 +0000"
    },
    "done": true
  },
  "tombstone:adventure/first_knowledge": {
    "criteria": {
      "coded_trigger": "2024-09-01 17:21:45 +0000"
    },
    "done": true
  },
  "vampirism:recipes/vampirism/vampire/blood_infused_enhanced_iron_ingot": {
    "criteria": {
      "has_iron": "2024-09-01 18:00:50 +0000"
    },
    "done": true
  },
  "farmersdelight:recipes/farmersdelight/fried_egg_from_smoking": {
    "criteria": {
      "fried_egg": "2024-09-01 17:19:05 +0000"
    },
    "done": true
  },
  "minecraft:recipes/transportation/oak_boat": {
    "criteria": {
      "in_water": "2024-09-01 17:29:06 +0000"
    },
    "done": true
  },
  "smallships:recipes/transportation/spruce_cog": {
    "criteria": {
      "in_water": "2024-09-01 17:29:06 +0000"
    },
    "done": true
  },
  "paraglider:root": {
    "criteria": {
      "crafting_table": "2024-09-01 17:43:18 +0000"
    },
    "done": true
  },
  "exoticbirds:recipes/dark_oak_birdcage": {
    "criteria": {
      "has_stick": "2024-09-01 17:19:46 +0000"
    },
    "done": true
  },
  "smallships:recipes/transportation/mangrove_drakkar": {
    "criteria": {
      "in_water": "2024-09-01 17:29:06 +0000"
    },
    "done": true
  },
  "vampirism:recipes/vampirism/vampire/blood_pedestal": {
    "criteria": {
      "has_gold": "2024-09-01 18:00:59 +0000"
    },
    "done": true
  },
  "minecraft:recipes/building_blocks/orange_concrete_powder": {
    "criteria": {
      "has_gravel": "2024-09-01 17:46:03 +0000"
    },
    "done": true
  },
  "minecraft:recipes/building_blocks/cyan_concrete_powder": {
    "criteria": {
      "has_gravel": "2024-09-01 17:46:03 +0000"
    },
    "done": true
  },
  "minecraft:recipes/building_blocks/stone_brick_stairs": {
    "criteria": {
      "has_stone_bricks": "2024-09-01 17:43:32 +0000"
    },
    "done": true
  },
  "minecraft:recipes/combat/golden_boots": {
    "criteria": {
      "has_gold_ingot": "2024-09-01 18:00:59 +0000"
    },
    "done": true
  },
  "mca:recipes/building_blocks/headstones": {
    "criteria": {
      "has_ingredients": "2024-09-01 17:46:08 +0000"
    },
    "done": true
  },
  "minecraft:recipes/tools/wooden_axe": {
    "criteria": {
      "has_stick": "2024-09-01 17:19:46 +0000"
    },
    "done": true
  },
  "deeperdarker:recipes/deeperdarker/echo_boat": {
    "criteria": {
      "in_water": "2024-09-01 17:29:06 +0000"
    },
    "done": true
  },
  "exoticbirds:recipes/gray_birdhouse": {
    "criteria": {
      "has_wood": "2024-09-01 17:25:13 +0000"
    },
    "done": true
  },
  "vampirism:main/ancient_knowledge": {
    "criteria": {
      "blood_container": "2024-09-01 18:00:47 +0000"
    },
    "done": true
  },
  "croptopia:recipes/croptopia.croptopia/knife": {
    "criteria": {
      "has_iron": "2024-09-01 18:00:50 +0000"
    },
    "done": true
  },
  "securitycraft:recipes/securitycraft/keycard_lv2": {
    "criteria": {
      "has_iron": "2024-09-01 18:00:50 +0000"
    },
    "done": true
  },
  "minecraft:recipes/redstone/jungle_pressure_plate": {
    "criteria": {
      "has_planks": "2024-09-01 17:25:13 +0000"
    },
    "done": true
  },
  "securitycraft:recipes/securitycraft/keycard_lv1": {
    "criteria": {
      "has_iron": "2024-09-01 18:00:50 +0000"
    },
    "done": true
  },
  "exoticbirds:recipes/roost_box": {
    "criteria": {
      "has_material": "2024-09-01 17:25:13 +0000"
    },
    "done": true
  },
  "exoticbirds:recipes/brown_birdhouse": {
    "criteria": {
      "has_wood": "2024-09-01 17:25:13 +0000"
    },
    "done": true
  },
  "croptopia:recipes/egg_roll": {
    "criteria": {
      "has_egg": "2024-09-01 17:19:05 +0000"
    },
    "done": true
  },
  "smallships:recipes/transportation/acacia_cog": {
    "criteria": {
      "in_water": "2024-09-01 17:29:06 +0000"
    },
    "done": true
  },
  "minecraft:recipes/combat/golden_chestplate": {
    "criteria": {
      "has_gold_ingot": "2024-09-01 18:00:59 +0000"
    },
    "done": true
  },
  "farmersdelight:recipes/farmersdelight/cooking/fried_rice": {
    "criteria": {
      "has_any_ingredient": "2024-09-01 17:19:05 +0000"
    },
    "done": true
  },
  "securitycraft:recipes/securitycraft/bouncing_betty": {
    "criteria": {
      "has_iron": "2024-09-01 18:00:50 +0000"
    },
    "done": true
  },
  "exoticbirds:recipes/acacia_birdcage": {
    "criteria": {
      "has_stick": "2024-09-01 17:19:46 +0000"
    },
    "done": true
  },
  "minecraft:recipes/decorations/stone_brick_wall_from_stone_bricks_stonecutting": {
    "criteria": {
      "has_stone_bricks": "2024-09-01 17:44:11 +0000"
    },
    "done": true
  },
  "exoticbirds:recipes/iron_birdcage": {
    "criteria": {
      "has_stick": "2024-09-01 17:19:46 +0000"
    },
    "done": true
  },
  "vampirism:recipes/vampirism/hunter/alchemical_cauldron": {
    "criteria": {
      "has_iron": "2024-09-01 18:00:50 +0000"
    },
    "done": true
  },
  "minecraft:recipes/decorations/moss_carpet": {
    "criteria": {
      "has_moss_block": "2024-09-01 17:42:33 +0000"
    },
    "done": true
  },
  "minecraft:recipes/building_blocks/chiseled_stone_bricks_from_stone_bricks_stonecutting": {
    "criteria": {
      "has_stone_bricks": "2024-09-01 17:44:11 +0000"
    },
    "done": true
  },
  "vampirism:recipes/vampirism/vampire/garlic_finder": {
    "criteria": {
      "has_garlic": "2024-09-01 18:00:38 +0000"
    },
    "done": true
  },
  "minecraft:recipes/decorations/scaffolding": {
    "criteria": {
      "has_bamboo": "2024-09-01 18:00:40 +0000"
    },
    "done": true
  },
  "aquamirae:adventure/root": {
    "criteria": {
      "crafting_table": "2024-09-01 17:43:18 +0000"
    },
    "done": true
  },
  "smallships:recipes/transportation/spruce_drakkar": {
    "criteria": {
      "in_water": "2024-09-01 17:29:06 +0000"
    },
    "done": true
  },
  "farmersdelight:recipes/farmersdelight/cooking/baked_cod_stew": {
    "criteria": {
      "has_any_ingredient": "2024-09-01 17:19:05 +0000"
    },
    "done": true
  },
  "croptopia:recipes/documentation": {
    "criteria": {
      "has_crop": "2024-09-01 18:00:38 +0000"
    },
    "done": true
  },
  "butchercraft:recipes/butchercraft.items/grinder": {
    "criteria": {
      "has_iron": "2024-09-01 18:00:50 +0000"
    },
    "done": true
  },
  "smallships:recipes/transportation/oak_cog": {
    "criteria": {
      "in_water": "2024-09-01 17:29:06 +0000"
    },
    "done": true
  },
  "minecraft:recipes/building_blocks/iron_block": {
    "criteria": {
      "has_iron_ingot": "2024-09-01 18:00:50 +0000"
    },
    "done": true
  },
  "croptopia:recipes/scrambled_eggs": {
    "criteria": {
      "has_egg": "2024-09-01 17:19:05 +0000"
    },
    "done": true
  },
  "exoticbirds:recipes/phoenix_egg_from_fire_phoenix": {
    "criteria": {
      "has_egg": "2024-09-01 17:14:40 +0000"
    },
    "done": true
  },
  "exoticbirds:recipes/birch_birdcage": {
    "criteria": {
      "has_stick": "2024-09-01 17:19:46 +0000"
    },
    "done": true
  },
  "minecraft:recipes/building_blocks/jungle_wood": {
    "criteria": {
      "has_log": "2024-09-01 17:19:56 +0000"
    },
    "done": true
  },
  "securitycraft:recipes/securitycraft/sc_manual": {
    "criteria": {
      "has_wood": "2024-09-01 17:19:56 +0000"
    },
    "done": true
  },
  "securitycraft:recipes/securitycraft/keycard_lv4": {
    "criteria": {
      "has_iron": "2024-09-01 18:00:50 +0000"
    },
    "done": true
  },
  "minecraft:recipes/building_blocks/mossy_cobblestone_from_moss_block": {
    "criteria": {
      "has_moss_block": "2024-09-01 17:42:33 +0000"
    },
    "done": true
  },
  "securitycraft:recipes/securitycraft/keycard_lv3": {
    "criteria": {
      "has_iron": "2024-09-01 18:00:50 +0000"
    },
    "done": true
  },
  "exoticbirds:recipes/phoenix_egg_from_desert_phoenix": {
    "criteria": {
      "has_egg": "2024-09-01 17:14:40 +0000"
    },
    "done": true
  },
  "vampirism:recipes/vampirism/general/altar_cleansing": {
    "criteria": {
      "has_vampire_book": "2024-09-01 17:25:13 +0000"
    },
    "done": true
  },
  "minecraft:recipes/combat/arrow": {
    "criteria": {
      "has_feather": "2024-09-01 17:19:19 +0000"
    },
    "done": true
  },
  "securitycraft:recipes/securitycraft/keycard_lv5": {
    "criteria": {
      "has_iron": "2024-09-01 18:00:50 +0000"
    },
    "done": true
  },
  "farmersdelight:recipes/farmersdelight/fried_egg": {
    "criteria": {
      "fried_egg": "2024-09-01 17:19:05 +0000"
    },
    "done": true
  },
  "minecraft:recipes/redstone/light_weighted_pressure_plate": {
    "criteria": {
      "has_gold_ingot": "2024-09-01 18:00:59 +0000"
    },
    "done": true
  },
  "create:recipes/create.base/crafting/materials/andesite_alloy": {
    "criteria": {
      "has_item": "2024-09-01 18:00:50 +0000"
    },
    "done": true
  },
  "butchercraft:recipes/butchercraft.items/pork_block_to_scraps": {
    "criteria": {
      "has_pork": "2024-09-01 17:23:21 +0000"
    },
    "done": true
  },
  "minecraft:recipes/combat/wooden_sword": {
    "criteria": {
      "has_stick": "2024-09-01 17:19:46 +0000"
    },
    "done": true
  },
  "minecraft:recipes/tools/stone_shovel": {
    "criteria": {
      "has_cobblestone": "2024-09-01 17:46:08 +0000"
    },
    "done": true
  },
  "vampirism:recipes/vampirism/hunter/crossbow_arrow_normal": {
    "criteria": {
      "has_iron_ingot": "2024-09-01 18:00:50 +0000"
    },
    "done": true
  },
  "smallships:recipes/transportation/mangrove_cog": {
    "criteria": {
      "in_water": "2024-09-01 17:29:06 +0000"
    },
    "done": true
  },
  "minecraft:recipes/building_blocks/blue_concrete_powder": {
    "criteria": {
      "has_gravel": "2024-09-01 17:46:03 +0000"
    },
    "done": true
  },
  "farmersdelight:recipes/farmersdelight/cooking/bone_broth": {
    "criteria": {
      "has_bone": "2024-09-01 18:00:38 +0000"
    },
    "done": true
  },
  "exoticbirds:recipes/lime_birdhouse": {
    "criteria": {
      "has_wood": "2024-09-01 17:25:13 +0000"
    },
    "done": true
  },
  "minecraft:recipes/building_blocks/gray_concrete_powder": {
    "criteria": {
      "has_gravel": "2024-09-01 17:46:03 +0000"
    },
    "done": true
  },
  "tombstone:adventure/root": {
    "criteria": {
      "auto": "2024-09-01 17:14:41 +0000"
    },
    "done": true
  },
  "vampirism:recipes/misc/leather_from_obi_belt": {
    "criteria": {
      "has_obi_belt": "2024-09-01 18:00:35 +0000"
    },
    "done": true
  },
  "cataclysm:root": {
    "criteria": {
      "custom_test_name": "2024-09-01 17:14:41 +0000"
    },
    "done": true
  },
  "securitycraft:recipes/securitycraft/reinforced_andesite": {
    "criteria": {
      "has_cobblestone": "2024-09-01 17:46:08 +0000"
    },
    "done": true
  },
  "securitycraft:recipes/securitycraft/reinforced_mossy_cobblestone_from_vanilla_moss": {
    "criteria": {
      "has_moss": "2024-09-01 17:42:33 +0000"
    },
    "done": true
  },
  "securitycraft:recipes/securitycraft/smart_module": {
    "criteria": {
      "has_iron": "2024-09-01 18:00:50 +0000"
    },
    "done": true
  },
  "exoticbirds:recipes/oak_birdcage": {
    "criteria": {
      "has_stick": "2024-09-01 17:19:46 +0000"
    },
    "done": true
  },
  "minecraft:recipes/decorations/jungle_sign": {
    "criteria": {
      "has_planks": "2024-09-01 17:25:13 +0000"
    },
    "done": true
  },
  "butchercraft:recipes/butchercraft.items/chicken_block": {
    "criteria": {
      "has_chicken": "2024-09-01 17:18:56 +0000"
    },
    "done": true
  },
  "minecraft:recipes/tools/golden_axe": {
    "criteria": {
      "has_gold_ingot": "2024-09-01 18:00:59 +0000"
    },
    "done": true
  },
  "naturalist:recipes/naturalist/bug_net": {
    "criteria": {
      "has_bamboo": "2024-09-01 18:00:40 +0000"
    },
    "done": true
  },
  "vampirism:recipes/vampirism/general/vampire_rack": {
    "criteria": {
      "has_planks": "2024-09-01 17:25:13 +0000"
    },
    "done": true
  },
  "minecraft:recipes/tools/iron_axe": {
    "criteria": {
      "has_iron_ingot": "2024-09-01 18:00:50 +0000"
    },
    "done": true
  },
  "securitycraft:recipes/securitycraft/block_change_detector": {
    "criteria": {
      "has_iron": "2024-09-01 18:00:50 +0000"
    },
    "done": true
  },
  "butchercraft:recipes/butchercraft.items/cooked_pork_scraps_from_campfire_cooking": {
    "criteria": {
      "has_pork_scraps": "2024-09-01 17:23:21 +0000"
    },
    "done": true
  },
  "butchercraft:recipes/butchercraft.items/bone_saw": {
    "criteria": {
      "has_iron": "2024-09-01 18:00:50 +0000"
    },
    "done": true
  },
  "minecraft:recipes/building_blocks/jungle_planks": {
    "criteria": {
      "has_logs": "2024-09-01 17:19:56 +0000"
    },
    "done": true
  },
  "butchercraft:recipes/butchercraft.items/cooked_pork_scraps_from_smelting": {
    "criteria": {
      "has_pork_scraps": "2024-09-01 17:23:21 +0000"
    },
    "done": true
  },
  "minecraft:recipes/combat/golden_helmet": {
    "criteria": {
      "has_gold_ingot": "2024-09-01 18:00:59 +0000"
    },
    "done": true
  },
  "butchercraft:recipes/butchercraft.items/meat_hook": {
    "criteria": {
      "has_iron": "2024-09-01 18:00:50 +0000"
    },
    "done": true
  },
  "mca:recipes/misc/comb": {
    "criteria": {
      "has_item": "2024-09-01 18:00:50 +0000"
    },
    "done": true
  },
  "securitycraft:recipes/securitycraft/reinforced_mossy_stone_bricks_from_vanilla_moss": {
    "criteria": {
      "has_moss": "2024-09-01 17:42:33 +0000"
    },
    "done": true
  },
  "exoticbirds:recipes/spruce_birdcage": {
    "criteria": {
      "has_stick": "2024-09-01 17:19:46 +0000"
    },
    "done": true
  },
  "vampirism:recipes/vampirism/vampire/candelabra": {
    "criteria": {
      "has_iron": "2024-09-01 18:00:50 +0000"
    },
    "done": true
  },
  "minecraft:recipes/combat/iron_boots": {
    "criteria": {
      "has_iron_ingot": "2024-09-01 18:00:50 +0000"
    },
    "done": true
  },
  "exoticbirds:recipes/pink_birdhouse": {
    "criteria": {
      "has_wood": "2024-09-01 17:25:13 +0000"
    },
    "done": true
  },
  "minecraft:recipes/misc/bone_meal": {
    "criteria": {
      "has_bone": "2024-09-01 18:00:38 +0000"
    },
    "done": true
  },
  "minecraft:recipes/building_blocks/black_concrete_powder": {
    "criteria": {
      "has_gravel": "2024-09-01 17:46:03 +0000"
    },
    "done": true
  },
  "minecraft:recipes/building_blocks/mossy_stone_bricks_from_moss_block": {
    "criteria": {
      "has_moss_block": "2024-09-01 17:42:33 +0000"
    },
    "done": true
  },
  "exoticbirds:recipes/green_birdhouse": {
    "criteria": {
      "has_wood": "2024-09-01 17:25:13 +0000"
    },
    "done": true
  },
  "totemic:recipes/totemic/totem_whittling_knife": {
    "criteria": {
      "has_iron_ingot": "2024-09-01 18:00:50 +0000"
    },
    "done": true
  },
  "bossominium:loot_bosses_a": {
    "criteria": {
      "loot_bosses_a": "2024-09-01 17:14:41 +0000"
    },
    "done": true
  },
  "farmersdelight:recipes/farmersdelight/iron_knife": {
    "criteria": {
      "has_iron_ingot": "2024-09-01 18:00:50 +0000"
    },
    "done": true
  },
  "paraglider:recipes/paraglider/paraglider": {
    "criteria": {
      "has_stick": "2024-09-01 17:19:46 +0000"
    },
    "done": true
  },
  "minecraft:story/root": {
    "criteria": {
      "crafting_table": "2024-09-01 17:43:18 +0000"
    },
    "done": true
  },
  "minecraft:recipes/combat/crossbow": {
    "criteria": {
      "has_stick": "2024-09-01 17:19:46 +0000"
    },
    "done": true
  },
  "sophisticatedbackpacks:recipes/sophisticatedbackpacks/upgrade_base": {
    "criteria": {
      "has_leather": "2024-09-01 17:25:59 +0000"
    },
    "done": true
  },
  "minecraft:recipes/combat/iron_chestplate": {
    "criteria": {
      "has_iron_ingot": "2024-09-01 18:00:50 +0000"
    },
    "done": true
  },
  "vampirism:recipes/misc/gold_nugget_from_accessory_blasting": {
    "criteria": {
      "has_amulet": "2024-09-01 18:00:49 +0000"
    },
    "done": true
  },
  "mca:recipes/misc/whistle": {
    "criteria": {
      "has_item": "2024-09-01 18:00:50 +0000"
    },
    "done": true
  },
  "smallships:recipes/transportation/jungle_cog": {
    "criteria": {
      "in_water": "2024-09-01 17:29:06 +0000"
    },
    "done": true
  },
  "create:recipes/create.base/crafting/kinetics/empty_blaze_burner": {
    "criteria": {
      "has_item": "2024-09-01 18:00:50 +0000"
    },
    "done": true
  },
  "butchercraft:recipes/butchercraft.items/pork_block": {
    "criteria": {
      "has_pork": "2024-09-01 17:23:21 +0000"
    },
    "done": true
  },
  "minecraft:recipes/building_blocks/jungle_slab": {
    "criteria": {
      "has_planks": "2024-09-01 17:25:13 +0000"
    },
    "done": true
  },
  "minecraft:recipes/building_blocks/red_concrete_powder": {
    "criteria": {
      "has_gravel": "2024-09-01 17:46:03 +0000"
    },
    "done": true
  },
  "betterdungeons:root": {
    "criteria": {
      "always": "2024-09-01 17:14:41 +0000"
    },
    "done": true
  },
  "boatload:recipes/transportation/warped_boat": {
    "criteria": {
      "in_water": "2024-09-01 17:29:06 +0000"
    },
    "done": true
  },
  "sophisticatedbackpacks:recipes/sophisticatedbackpacks/backpack": {
    "criteria": {
      "has_leather": "2024-09-01 17:25:59 +0000"
    },
    "done": true
  },
  "mca:recipes/misc/potions": {
    "criteria": {
      "has_item": "2024-09-01 17:19:05 +0000"
    },
    "done": true
  },
  "minecraft:recipes/combat/leather_chestplate": {
    "criteria": {
      "has_leather": "2024-09-01 17:25:59 +0000"
    },
    "done": true
  },
  "securitycraft:recipes/securitycraft/reinforced_diorite": {
    "criteria": {
      "has_cobblestone": "2024-09-01 17:46:08 +0000"
    },
    "done": true
  },
  "securitycraft:recipes/securitycraft/trophy_system": {
    "criteria": {
      "has_iron": "2024-09-01 18:00:50 +0000"
    },
    "done": true
  },
  "lootr:root": {
    "criteria": {
      "always_true": "2024-09-01 17:14:41 +0000"
    },
    "done": true
  },
  "create:recipes/create.base/crafting/appliances/crafting_blueprint": {
    "criteria": {
      "has_item": "2024-09-01 17:43:18 +0000"
    },
    "done": true
  },
  "vampirism:recipes/vampirism/vampire/altar_tip": {
    "criteria": {
      "has_iron": "2024-09-01 18:00:50 +0000"
    },
    "done": true
  },
  "securitycraft:recipes/securitycraft/camera_monitor": {
    "criteria": {
      "has_iron": "2024-09-01 18:00:50 +0000"
    },
    "done": true
  },
  "minecraft:recipes/tools/golden_pickaxe": {
    "criteria": {
      "has_gold_ingot": "2024-09-01 18:00:59 +0000"
    },
    "done": true
  },
  "vampirism:recipes/vampirism/vampire/blood_container": {
    "criteria": {
      "has_iron": "2024-09-01 18:00:50 +0000"
    },
    "done": true
  },
  "securitycraft:recipes/securitycraft/limited_use_keycard": {
    "criteria": {
      "has_iron": "2024-09-01 18:00:50 +0000"
    },
    "done": true
  },
  "gothic:adv_root": {
    "criteria": {
      "adv_root": "2024-09-01 17:14:41 +0000"
    },
    "done": true
  },
  "farmersdelight:recipes/farmersdelight/flint_knife": {
    "criteria": {
      "has_stick": "2024-09-01 17:19:46 +0000"
    },
    "done": true
  },
  "tombstone:recipes/from_grave_dust": {
    "criteria": {
      "has_ingredient": "2024-09-01 17:42:43 +0000"
    },
    "done": true
  },
  "minecraft:recipes/building_blocks/stone": {
    "criteria": {
      "has_cobblestone": "2024-09-01 17:46:08 +0000"
    },
    "done": true
  },
  "create:recipes/create.palettes/jungle_window": {
    "criteria": {
      "has_ingredient": "2024-09-01 17:25:13 +0000"
    },
    "done": true
  },
  "smallships:recipes/transportation/oak_drakkar": {
    "criteria": {
      "in_water": "2024-09-01 17:29:06 +0000"
    },
    "done": true
  },
  "vampirism:recipes/misc/gold_nugget_from_accessory_smelting": {
    "criteria": {
      "has_amulet": "2024-09-01 18:00:48 +0000"
    },
    "done": true
  },
  "minecraft:adventure/adventuring_time": {
    "criteria": {
      "minecraft:beach": "2024-09-01 17:16:35 +0000",
      "minecraft:sparse_jungle": "2024-09-01 17:14:41 +0000",
      "minecraft:river": "2024-09-01 17:28:59 +0000",
      "minecraft:forest": "2024-09-01 17:52:12 +0000",
      "minecraft:jungle": "2024-09-01 17:45:45 +0000",
      "minecraft:plains": "2024-09-01 17:18:52 +0000"
    },
    "done": false
  },
  "minecraft:recipes/redstone/iron_door": {
    "criteria": {
      "has_iron_ingot": "2024-09-01 18:00:50 +0000"
    },
    "done": true
  },
  "smallships:recipes/transportation/dark_oak_drakkar": {
    "criteria": {
      "in_water": "2024-09-01 17:29:06 +0000"
    },
    "done": true
  },
  "butchercraft:recipes/butchercraft.items/cooked_pork_scraps_from_smoking": {
    "criteria": {
      "has_pork_scraps": "2024-09-01 17:23:21 +0000"
    },
    "done": true
  },
  "exoticbirds:recipes/phoenix_egg_from_cloud_phoenix": {
    "criteria": {
      "has_egg": "2024-09-01 17:14:40 +0000"
    },
    "done": true
  },
  "exoticbirds:recipes/jungle_birdcage": {
    "criteria": {
      "has_stick": "2024-09-01 17:19:46 +0000"
    },
    "done": true
  },
  "securitycraft:recipes/securitycraft/whitelist_module": {
    "criteria": {
      "has_iron": "2024-09-01 18:00:50 +0000"
    },
    "done": true
  },
  "farmersdelight:recipes/farmersdelight/nether_salad": {
    "criteria": {
      "has_bowl": "2024-09-01 18:00:21 +0000"
    },
    "done": true
  },
  "minecraft:recipes/combat/stone_sword": {
    "criteria": {
      "has_cobblestone": "2024-09-01 17:46:08 +0000"
    },
    "done": true
  },
  "minecraft:recipes/decorations/barrel": {
    "criteria": {
      "has_planks": "2024-09-01 17:25:13 +0000"
    },
    "done": true
  },
  "minecraft:recipes/decorations/cobblestone_wall": {
    "criteria": {
      "has_cobblestone": "2024-09-01 17:46:08 +0000"
    },
    "done": true
  },
  "vampirism:recipes/food/general/garlic_bread": {
    "criteria": {
      "has_garlic": "2024-09-01 18:00:38 +0000"
    },
    "done": true
  },
  "1_splatus:ultris/root": {
    "criteria": {
      "c1": "2024-09-01 17:14:41 +0000"
    },
    "done": true
  },
  "croptopia:recipes/croptopia.croptopia/cooking_pot": {
    "criteria": {
      "has_iron": "2024-09-01 18:00:50 +0000"
    },
    "done": true
  },
  "minecraft:recipes/tools/stone_pickaxe": {
    "criteria": {
      "has_cobblestone": "2024-09-01 17:46:08 +0000"
    },
    "done": true
  },
  "minecraft:recipes/misc/iron_ingot_from_nuggets": {
    "criteria": {
      "has_iron_nugget": "2024-09-01 17:25:59 +0000"
    },
    "done": true
  },
  "vampirism:recipes/vampirism/dark_spruce_boat": {
    "criteria": {
      "in_water": "2024-09-01 17:29:06 +0000"
    },
    "done": true
  },
  "minecraft:recipes/decorations/smithing_table": {
    "criteria": {
      "has_iron_ingot": "2024-09-01 18:00:50 +0000"
    },
    "done": true
  },
  "exoticbirds:recipes/nest": {
    "criteria": {
      "has_stick": "2024-09-01 17:19:46 +0000"
    },
    "done": true
  },
  "securitycraft:recipes/securitycraft/motion_activated_light": {
    "criteria": {
      "has_stick": "2024-09-01 17:19:46 +0000"
    },
    "done": true
  },
  "minecraft:recipes/combat/leather_boots": {
    "criteria": {
      "has_leather": "2024-09-01 17:25:59 +0000"
    },
    "done": true
  },
  "smallships:recipes/transportation/mangrove_galley": {
    "criteria": {
      "in_water": "2024-09-01 17:29:06 +0000"
    },
    "done": true
  },
  "smallships:recipes/misc/sail": {
    "criteria": {
      "in_water": "2024-09-01 17:29:06 +0000"
    },
    "done": true
  },
  "vampirism:recipes/vampirism/vampire/chandelier_candle": {
    "criteria": {
      "has_honey": "2024-09-01 17:43:57 +0000"
    },
    "done": true
  },
  "farmersdelight:recipes/farmersdelight/cooking/hot_cocoa": {
    "criteria": {
      "has_any_ingredient": "2024-09-01 17:19:52 +0000"
    },
    "done": true
  },
  "minecraft:recipes/transportation/jungle_boat": {
    "criteria": {
      "in_water": "2024-09-01 17:29:06 +0000"
    },
    "done": true
  },
  "minecraft:recipes/decorations/cobblestone_wall_from_cobblestone_stonecutting": {
    "criteria": {
      "has_cobblestone": "2024-09-01 17:46:08 +0000"
    },
    "done": true
  },
  "securitycraft:recipes/securitycraft/mine": {
    "criteria": {
      "has_iron": "2024-09-01 18:00:50 +0000"
    },
    "done": true
  },
  "minecraft:recipes/building_blocks/jungle_stairs": {
    "criteria": {
      "has_planks": "2024-09-01 17:25:13 +0000"
    },
    "done": true
  },
  "exoticbirds:recipes/phoenix_egg_from_snowy_phoenix": {
    "criteria": {
      "has_egg": "2024-09-01 17:14:40 +0000"
    },
    "done": true
  },
  "vampirism:recipes/vampirism/alchemy_table/plant_oil": {
    "criteria": {
      "has_wheat_seeds": "2024-09-01 17:17:54 +0000"
    },
    "done": true
  },
  "minecraft:recipes/redstone/heavy_weighted_pressure_plate": {
    "criteria": {
      "has_iron_ingot": "2024-09-01 18:00:50 +0000"
    },
    "done": true
  },
  "farmersdelight:recipes/farmersdelight/golden_knife": {
    "criteria": {
      "has_gold_ingot": "2024-09-01 18:00:59 +0000"
    },
    "done": true
  },
  "minecraft:recipes/transportation/dark_oak_boat": {
    "criteria": {
      "in_water": "2024-09-01 17:29:06 +0000"
    },
    "done": true
  },
  "smallships:recipes/transportation/oak_galley": {
    "criteria": {
      "in_water": "2024-09-01 17:29:06 +0000"
    },
    "done": true
  },
  "vampirism:recipes/vampirism/hunter/crucifix": {
    "criteria": {
      "stick": "2024-09-01 17:19:46 +0000"
    },
    "done": true
  },
  "minecraft:recipes/redstone/jungle_door": {
    "criteria": {
      "has_planks": "2024-09-01 17:25:13 +0000"
    },
    "done": true
  },
  "dungeons_arise:wda_root": {
    "criteria": {
      "WDA": "2024-09-01 17:14:41 +0000"
    },
    "done": true
  },
  "minecraft:recipes/redstone/jungle_fence_gate": {
    "criteria": {
      "has_planks": "2024-09-01 17:25:13 +0000"
    },
    "done": true
  },
  "smallships:recipes/transportation/spruce_galley": {
    "criteria": {
      "in_water": "2024-09-01 17:29:06 +0000"
    },
    "done": true
  },
  "smallships:recipes/transportation/mangrove_brigg": {
    "criteria": {
      "in_water": "2024-09-01 17:29:06 +0000"
    },
    "done": true
  },
  "grimoireofgaia:main/root": {
    "criteria": {
      "join": "2024-09-01 17:14:41 +0000"
    },
    "done": true
  },
  "securitycraft:recipes/securitycraft/briefcase": {
    "criteria": {
      "has_iron": "2024-09-01 18:00:50 +0000"
    },
    "done": true
  },
  "minecraft:recipes/combat/golden_leggings": {
    "criteria": {
      "has_gold_ingot": "2024-09-01 18:00:59 +0000"
    },
    "done": true
  },
  "minecraft:recipes/decorations/lantern": {
    "criteria": {
      "has_iron_nugget": "2024-09-01 17:25:59 +0000"
    },
    "done": true
  },
  "exoticbirds:recipes/phoenix_egg_from_skeleton_phoenix": {
    "criteria": {
      "has_egg": "2024-09-01 17:14:40 +0000"
    },
    "done": true
  },
  "minecraft:recipes/misc/stick_from_bamboo_item": {
    "criteria": {
      "has_bamboo": "2024-09-01 18:00:40 +0000"
    },
    "done": true
  },
  "smallships:recipes/transportation/dark_oak_brigg": {
    "criteria": {
      "in_water": "2024-09-01 17:29:06 +0000"
    },
    "done": true
  },
  "minecraft:recipes/food/cookie": {
    "criteria": {
      "has_cocoa": "2024-09-01 17:19:52 +0000"
    },
    "done": true
  },
  "exoticbirds:recipes/egg_incubator": {
    "criteria": {
      "has_bucket": "2024-09-01 17:14:40 +0000",
      "has_flint": "2024-09-01 17:14:40 +0000"
    },
    "done": true
  },
  "exoticbirds:recipes/warped_birdcage": {
    "criteria": {
      "has_stick": "2024-09-01 17:19:46 +0000"
    },
    "done": true
  },
  "vampirism:recipes/vampirism/hunter/weapon_table": {
    "criteria": {
      "has_iron_ingot": "2024-09-01 18:00:50 +0000"
    },
    "done": true
  },
  "securitycraft:recipes/securitycraft/reinforced_fence_gate": {
    "criteria": {
      "has_iron": "2024-09-01 18:00:50 +0000"
    },
    "done": true
  },
  "smallships:recipes/transportation/dark_oak_cog": {
    "criteria": {
      "in_water": "2024-09-01 17:29:06 +0000"
    },
    "done": true
  },
  "vampirism:recipes/vampirism/weapontable/crucifix_enhanced": {
    "criteria": {
      "iron": "2024-09-01 18:00:50 +0000"
    },
    "done": true
  },
  "minecraft:recipes/decorations/soul_campfire": {
    "criteria": {
      "has_stick": "2024-09-01 17:19:46 +0000"
    },
    "done": true
  },
  "minecraft:story/smelt_iron": {
    "criteria": {
      "iron": "2024-09-01 18:00:50 +0000"
    },
    "done": true
  },
  "oaks_decor:welcome_to_oaks_decor": {
    "criteria": {
      "welcome_to_oaks_decor": "2024-09-01 17:14:41 +0000"
    },
    "done": true
  },
  "vampirism:recipes/vampirism/general/tombstone2": {
    "criteria": {
      "has_coble": "2024-09-01 17:46:08 +0000"
    },
    "done": true
  },
  "minecraft:recipes/misc/brown_dye": {
    "criteria": {
      "has_cocoa_beans": "2024-09-01 17:19:52 +0000"
    },
    "done": true
  },
  "minecraft:recipes/tools/stone_axe": {
    "criteria": {
      "has_cobblestone": "2024-09-01 17:46:08 +0000"
    },
    "done": true
  },
  "exoticbirds:recipes/mangrove_birdcage": {
    "criteria": {
      "has_stick": "2024-09-01 17:19:46 +0000"
    },
    "done": true
  },
  "securitycraft:recipes/securitycraft/disguise_module": {
    "criteria": {
      "has_iron": "2024-09-01 18:00:50 +0000"
    },
    "done": true
  },
  "exoticbirds:recipes/pigeon_backpack": {
    "criteria": {
      "has_feather": "2024-09-01 17:19:19 +0000"
    },
    "done": true
  },
  "DataVersion": 3120
}